measurement_id,device_id,wavelength_nm,detectivity_jones,responsivity_a_w,responsivity_wavelength_nm,responsivity_bias_v,responsivity_temperature_k,responsivity_source_location,responsivity_extraction_method,responsivity_frequency_hz,eqe_percent,eqe_frequency_hz,temperature_k,bias_v,measurement_frequency_hz,response_time_s,rise_time_s,fall_time_s,response_time_definition,response_time_wavelength_nm,response_time_bias_v,response_time_source_location,response_time_limit,response_time_extraction_method,bandwidth_hz,bandwidth_bias_v,bandwidth_source_location,bandwidth_limit,bandwidth_extraction_method,linear_dynamic_range_db,linear_dynamic_range_min,linear_dynamic_range_max,linear_dynamic_range_units,linear_dynamic_range_definition,linear_dynamic_range_source_location,linear_dynamic_range_extraction_method,extended_metrics_review_status,extended_metrics_review_date,extended_metrics_notes,noise_method,noise_instruments,noise_instrument_details,noise_instrument_source,detectivity_extraction_method,source_location,curator_status,flag,amber_reasons,amber_explanation,curator_notes,date_added,date_updated
shen-2017-perovskite-polymer-mixedhalide-0p1mm2-tpc-nir,shen-2017-perovskite-polymer-mixedhalide-0p1mm2,,,,,,,,,,,,,,,5e-09,,,Single-exponential approximately 1/e transient-photocurrent decay; not a 10-90% rise/fall time.,,,c6mh00508j.pdf p. 5 Figure 4b; p. 6 discussion,measured,directly_reported,,,,,,,,,,,,,needs_review,2026-09-22,NIR excitation. Figure 4 does not independently state exact excitation wavelength or bias; do not silently copy 800 nm from Figure 3. Mixed-halide composition x unspecified.,,,,,,,pending_review,,,,Pending source/device-condition review. NIR excitation. Figure 4 does not independently state exact excitation wavelength or bias; do not silently copy 800 nm from Figure 3. Mixed-halide composition x unspecified. HELD: atlas requires primary wavelength_nm; no unsupported wavelength inserted.,2026-09-22,2026-09-22
li-2019-perovskite-swnt-composite-rise-fall,li-2019-perovskite-swnt-composite,,,,,,,,,,,,,,,,7.24e-06,1.447e-05,"10-90% rise and 90-10% fall under broadband white-light illumination, confirmed by curator 2026-09-23.",,-1,"an9b00911 (1).pdf p. 6 Figure 4c,d and text",measured,directly_reported,,,,,,,,,,,,,source_unavailable,2026-09-22,Curator confirms white-light illumination at -1 V. Chopper pulse gap 1 s is not detector bandwidth or an established repetition frequency. No single wavelength exists for broadband illumination; numeric wavelength fields remain blank.,,,,,,,reviewed,,,,Curator approved ITO/Al design and white-light timing on 2026-09-23. Representation hold only: current wavelength-based measurement schema requires a numeric primary wavelength. Rise/fall 7.24/14.47 us remain visible in device notes; no invented wavelength and no sum of rise/fall used as response time.,2026-09-22,2026-09-23
shen-2016-mapbi3-ultrafast-7mm2-tpc,shen-2016-mapbi3-ultrafast-7mm2,,,,,,,,,,,,,,,1.151e-07,,,Single-exponential approximately 1/e transient-photocurrent decay; not a 10-90% rise/fall time.,,,Shen 2016 PDF p. 3 area-dependent values; p. 4 Figure 2A,measured,directly_reported,,,,,,,,,,,,,source_unavailable,2026-09-22,"Main text lists two possible sources: 400 nm/150 fs/1 kHz and 337 nm/3.5 ns/20 Hz, without point-by-point assignment. Exact timing wavelength and source frequency left blank. Baseline zero-bias operation is contextual but not explicitly assigned to this area value; bias left blank. SI unavailable. Never enter 1 GHz scope bandwidth as detector bandwidth.",,,,,,,pending_review,,,,"Pending source/device-condition review. Main text lists two possible sources: 400 nm/150 fs/1 kHz and 337 nm/3.5 ns/20 Hz, without point-by-point assignment. Exact timing wavelength and source frequency left blank. Baseline zero-bias operation is contextual but not explicitly assigned to this area value; bias left blank. SI unavailable. Never enter 1 GHz scope bandwidth as detector bandwidth. HELD: atlas requires primary wavelength_nm; no unsupported wavelength inserted.",2026-09-22,2026-09-22
shen-2016-mapbi3-ultrafast-2mm2-tpc,shen-2016-mapbi3-ultrafast-2mm2,,,,,,,,,,,,,,,3.53e-08,,,Single-exponential approximately 1/e transient-photocurrent decay; not a 10-90% rise/fall time.,,,Shen 2016 PDF p. 3 area-dependent values; p. 4 Figure 2A,measured,directly_reported,,,,,,,,,,,,,source_unavailable,2026-09-22,"Main text lists two possible sources: 400 nm/150 fs/1 kHz and 337 nm/3.5 ns/20 Hz, without point-by-point assignment. Exact timing wavelength and source frequency left blank. Baseline zero-bias operation is contextual but not explicitly assigned to this area value; bias left blank. SI unavailable. Never enter 1 GHz scope bandwidth as detector bandwidth.",,,,,,,pending_review,,,,"Pending source/device-condition review. Main text lists two possible sources: 400 nm/150 fs/1 kHz and 337 nm/3.5 ns/20 Hz, without point-by-point assignment. Exact timing wavelength and source frequency left blank. Baseline zero-bias operation is contextual but not explicitly assigned to this area value; bias left blank. SI unavailable. Never enter 1 GHz scope bandwidth as detector bandwidth. HELD: atlas requires primary wavelength_nm; no unsupported wavelength inserted.",2026-09-22,2026-09-22
shen-2016-mapbi3-ultrafast-1mm2-tpc,shen-2016-mapbi3-ultrafast-1mm2,,,,,,,,,,,,,,,1.79e-08,,,Single-exponential approximately 1/e transient-photocurrent decay; not a 10-90% rise/fall time.,,,Shen 2016 PDF p. 3 area-dependent values; p. 4 Figure 2A,measured,directly_reported,,,,,,,,,,,,,source_unavailable,2026-09-22,"Main text lists two possible sources: 400 nm/150 fs/1 kHz and 337 nm/3.5 ns/20 Hz, without point-by-point assignment. Exact timing wavelength and source frequency left blank. Baseline zero-bias operation is contextual but not explicitly assigned to this area value; bias left blank. SI unavailable. Never enter 1 GHz scope bandwidth as detector bandwidth.",,,,,,,pending_review,,,,"Pending source/device-condition review. Main text lists two possible sources: 400 nm/150 fs/1 kHz and 337 nm/3.5 ns/20 Hz, without point-by-point assignment. Exact timing wavelength and source frequency left blank. Baseline zero-bias operation is contextual but not explicitly assigned to this area value; bias left blank. SI unavailable. Never enter 1 GHz scope bandwidth as detector bandwidth. HELD: atlas requires primary wavelength_nm; no unsupported wavelength inserted.",2026-09-22,2026-09-22
shen-2016-mapbi3-ultrafast-0p5mm2-tpc,shen-2016-mapbi3-ultrafast-0p5mm2,,,,,,,,,,,,,,,9e-09,,,Single-exponential approximately 1/e transient-photocurrent decay; not a 10-90% rise/fall time.,,,Shen 2016 PDF p. 3 area-dependent values; p. 4 Figure 2A,measured,directly_reported,,,,,,,,,,,,,source_unavailable,2026-09-22,"Main text lists two possible sources: 400 nm/150 fs/1 kHz and 337 nm/3.5 ns/20 Hz, without point-by-point assignment. Exact timing wavelength and source frequency left blank. Baseline zero-bias operation is contextual but not explicitly assigned to this area value; bias left blank. SI unavailable. Never enter 1 GHz scope bandwidth as detector bandwidth.",,,,,,,pending_review,,,,"Pending source/device-condition review. Main text lists two possible sources: 400 nm/150 fs/1 kHz and 337 nm/3.5 ns/20 Hz, without point-by-point assignment. Exact timing wavelength and source frequency left blank. Baseline zero-bias operation is contextual but not explicitly assigned to this area value; bias left blank. SI unavailable. Never enter 1 GHz scope bandwidth as detector bandwidth. HELD: atlas requires primary wavelength_nm; no unsupported wavelength inserted.",2026-09-22,2026-09-22
shen-2016-mapbi3-ultrafast-0p15mm2-tpc,shen-2016-mapbi3-ultrafast-0p15mm2,,,,,,,,,,,,,,,2.7e-09,,,Single-exponential approximately 1/e transient-photocurrent decay; not a 10-90% rise/fall time.,,,Shen 2016 PDF p. 3 area-dependent values; p. 4 Figure 2A,measured,directly_reported,,,,,,,,,,,,,source_unavailable,2026-09-22,"Main text lists two possible sources: 400 nm/150 fs/1 kHz and 337 nm/3.5 ns/20 Hz, without point-by-point assignment. Exact timing wavelength and source frequency left blank. Baseline zero-bias operation is contextual but not explicitly assigned to this area value; bias left blank. SI unavailable. Never enter 1 GHz scope bandwidth as detector bandwidth.",,,,,,,pending_review,,,,"Pending source/device-condition review. Main text lists two possible sources: 400 nm/150 fs/1 kHz and 337 nm/3.5 ns/20 Hz, without point-by-point assignment. Exact timing wavelength and source frequency left blank. Baseline zero-bias operation is contextual but not explicitly assigned to this area value; bias left blank. SI unavailable. Never enter 1 GHz scope bandwidth as detector bandwidth. HELD: atlas requires primary wavelength_nm; no unsupported wavelength inserted.",2026-09-22,2026-09-22
shen-2016-mapbi3-ultrafast-0p04mm2-tpc,shen-2016-mapbi3-ultrafast-0p04mm2,,,,,,,,,,,,,,,9.5e-10,,,Single-exponential approximately 1/e transient-photocurrent decay; not a 10-90% rise/fall time.,,0,Shen 2016 PDF p. 3 area-dependent values; p. 4 Figure 2A,instrument_limited,directly_reported,,,,,,,,,,,,,source_unavailable,2026-09-22,"Main text lists two possible sources: 400 nm/150 fs/1 kHz and 337 nm/3.5 ns/20 Hz, without point-by-point assignment. Exact timing wavelength and source frequency left blank. 0 V supported by pp. 1 and 6 sub-nanosecond claim and Figure 2D. Text gives 0.95 ns; caption rounds to 1.0 ns. Author discussion identifies the approximately 1 ns oscilloscope floor. SI unavailable. Never enter 1 GHz scope bandwidth as detector bandwidth.",,,,,,,pending_review,,,,"Pending source/device-condition review. Main text lists two possible sources: 400 nm/150 fs/1 kHz and 337 nm/3.5 ns/20 Hz, without point-by-point assignment. Exact timing wavelength and source frequency left blank. 0 V supported by pp. 1 and 6 sub-nanosecond claim and Figure 2D. Text gives 0.95 ns; caption rounds to 1.0 ns. Author discussion identifies the approximately 1 ns oscilloscope floor. SI unavailable. Never enter 1 GHz scope bandwidth as detector bandwidth. HELD: atlas requires primary wavelength_nm; no unsupported wavelength inserted.",2026-09-22,2026-09-22
shen-2016-mapbi3-ultrafast-c60-50nm-tpc,shen-2016-mapbi3-ultrafast-c60-50nm,,,,,,,,,,,,,,,1.4e-09,,,Single-exponential approximately 1/e transient-photocurrent decay; not a 10-90% rise/fall time.,,,Shen 2016 PDF p. 3 text; p. 4 Figure 2C caption,measured,directly_reported,,,,,,,,,,,,,source_unavailable,2026-09-22,"C60 thickness variant. Exact area, timing wavelength and bias are unassigned in Figure 2C. SI unavailable; no bandwidth derived.",,,,,,,pending_review,,,,"Pending source/device-condition review. C60 thickness variant. Exact area, timing wavelength and bias are unassigned in Figure 2C. SI unavailable; no bandwidth derived. HELD: atlas requires primary wavelength_nm; no unsupported wavelength inserted.",2026-09-22,2026-09-22
shen-2016-mapbi3-ultrafast-c60-80nm-tpc,shen-2016-mapbi3-ultrafast-c60-80nm,,,,,,,,,,,,,,,2.5e-09,,,Single-exponential approximately 1/e transient-photocurrent decay; not a 10-90% rise/fall time.,,,Shen 2016 PDF p. 3 text; p. 4 Figure 2C caption,measured,directly_reported,,,,,,,,,,,,,source_unavailable,2026-09-22,"C60 thickness variant. Exact area, timing wavelength and bias are unassigned in Figure 2C. SI unavailable; no bandwidth derived.",,,,,,,pending_review,,,,"Pending source/device-condition review. C60 thickness variant. Exact area, timing wavelength and bias are unassigned in Figure 2C. SI unavailable; no bandwidth derived. HELD: atlas requires primary wavelength_nm; no unsupported wavelength inserted.",2026-09-22,2026-09-22
shen-2016-mapbi3-ultrafast-perovskite-900nm-tpc,shen-2016-mapbi3-ultrafast-perovskite-900nm,,,,,,,,,,,,,,,1e-09,,,Single-exponential approximately 1/e transient-photocurrent decay; not a 10-90% rise/fall time.,,,Shen 2016 PDF p. 3 text; p. 4 Figure 2B,instrument_limited,directly_reported,,,,,,,,,,,,,source_unavailable,2026-09-22,"Approximate 1.0 ns response explicitly stated for both thicknesses. Approximately 1 ns readout is instrument-limited per p. 4 discussion. Exact area, excitation wavelength and bias unassigned for these variants. SI unavailable.",,,,,,,pending_review,,,,"Pending source/device-condition review. Approximate 1.0 ns response explicitly stated for both thicknesses. Approximately 1 ns readout is instrument-limited per p. 4 discussion. Exact area, excitation wavelength and bias unassigned for these variants. SI unavailable. HELD: atlas requires primary wavelength_nm; no unsupported wavelength inserted.",2026-09-22,2026-09-22
shen-2016-mapbi3-ultrafast-perovskite-1200nm-tpc,shen-2016-mapbi3-ultrafast-perovskite-1200nm,,,,,,,,,,,,,,,1e-09,,,Single-exponential approximately 1/e transient-photocurrent decay; not a 10-90% rise/fall time.,,,Shen 2016 PDF p. 3 text; p. 4 Figure 2B,instrument_limited,directly_reported,,,,,,,,,,,,,source_unavailable,2026-09-22,"Approximate 1.0 ns response explicitly stated for both thicknesses. Approximately 1 ns readout is instrument-limited per p. 4 discussion. Exact area, excitation wavelength and bias unassigned for these variants. SI unavailable.",,,,,,,pending_review,,,,"Pending source/device-condition review. Approximate 1.0 ns response explicitly stated for both thicknesses. Approximately 1 ns readout is instrument-limited per p. 4 discussion. Exact area, excitation wavelength and bias unassigned for these variants. SI unavailable. HELD: atlas requires primary wavelength_nm; no unsupported wavelength inserted.",2026-09-22,2026-09-22
