device_id,paper_id,technology_family,material_family,material_composition,device_architecture,device_stack,active_area_cm2,ligand_exchange_status,ligand_exchange_type,ligand_exchange_chemicals,native_ligands,ligand_exchange_target,ligand_exchange_conditions,ligand_exchange_source_location,device_notes
wang-2025-ag2te-device,wang-2025-ag2te-lidar,cqd,Ag2Te,Ag2Te CQDs with AgNO3 and EDT surface treatment,Vertical SWIR photodiode,ITO / SnO2 / Ag2Te-AgNO3 / Ag2Te-AgNO3+EDT / Au,,reported,solid_state,"1,2-ethanedithiol (EDT) | silver nitrate (AgNO3)",,,Automatically extracted reported parameters: 30 s; acetonitrile; spin coated.,PDF page 4 | PDF page 4,Champion-device area is not specified for the spectral detectivity measurement.
song-2024-ag-hgte-device,song-2024-ag-hgte,cqd,HgTe,n-type EDT/HCl-treated HgTe CQDs with a 10.5 at.% Ag CTAB-treated p-type Ag-HgTe alloy CQD layer,Self-powered vertical p-n CQD photodiode,sapphire / ITO / HgTe CQDs / Ag-HgTe alloy CQDs / Au,0.0105,reported,solid_state,"1,2-ethanedithiol (EDT) | cetyltrimethylammonium bromide (CTAB) | hydrochloric acid (HCl)",,,Automatically extracted reported parameters: layer-by-layer; wash.,PDF page 5 | PDF page 2 | PDF page 5,Champion CTAB-treated device; approximately 440 nm HgTe and 45 nm Ag-HgTe CQD layers.
dang-2023-grid-device,dang-2023-multiresonant-grating,cqd,HgTe,HgTe colloidal quantum dots,Vertical photovoltaic photodiode with a multiresonant 2D gold-grid electrode,sapphire / 2D Au grid / HgTe CQDs / Ag2Te / Au,1e-4,reported,other,mercury(II) chloride (HgCl2),,,Automatic text extraction identified the exchange chemistry and process; consult the cited source for recipe details.,PDF page 4 | PDF page 2 | PDF page 2,Champion device; approximately 350 nm HgTe layer with 350 nm-wide gold stripes on a 1.8 µm square-lattice period.
vafaie-2021-pbs-device,vafaie-2021-pbs-fast,cqd,PbS,Halide-passivated PbS CQDs with EDT-treated PbS hole-transport layer,Vertical SWIR photodiode,ITO / ZnO / halide-passivated PbS CQDs / EDT-treated PbS CQDs / Au,0.1,reported,solid_state,"1,2-ethanedithiol (EDT)",trioctylphosphine (TOP),,Automatically extracted reported parameters: layer-by-layer.,PDF page 10 | PDF page 10 | PDF page 7,Area reported for the 1550 nm detector.
paul-2025-ag2se-device,paul-2025-ag2se,cqd,Ag2Se,SPLE-processed Ag2Se CQDs,Self-powered vertical photodiode,FTO / ZnO / Ag2Se CQDs / CuSCN / Ag,,reported,solution_phase,1-dodecanethiol (DDT),trioctylphosphine (TOP) | dodecanethiol (DDT),,Automatically extracted reported parameters: layer-by-layer.,PDF page 4 | PDF page 1 | PDF page 1,Active area is not specified in the main article.
molnas-2024-pbs-ase-device,molnas-2024-pbs-ase,cqd,PbS,PbS CQDs coupled to amorphous selenium,Vertical hybrid photodiode,glass / ITO (75 nm) / electron-blocking layer (2 µm) / a-Se (15 µm) / PbS:I / PbS:3-MPA / CeO2:3-MPA / ITO (50 nm),0.32,reported,other,3-mercaptopropionic acid (MPA),oleic acid (OA) | trioctylphosphine (TOP),,Automatically extracted reported parameters: 45 sec; 10 sec; 10sec; 6H; 2000 rpm; 2500 rpm; 2500rpm; hexane; octane; methanol; spin coating.,PDF page 6 | PDF page 6 | PDF page 6,Detectivity is reported at an electric field of 10 V/µm.
liu-2022-pbs-device,liu-2022-pbs-imager,cqd,PbS,Halide-passivated PbS CQDs with an EDT-treated PbS interlayer,Top-illuminated vertical photodiode,ITO or CMOS Au / NiOx (50 nm) / PbS-EDT (30-40 nm) / I-/Br--capped PbS CQDs (400-700 nm) / C60 (15 nm) / ZnO (120 nm) / ITO / Al2O3 (20 nm),,reported,solid_state,"1,2-ethanedithiol (EDT)",oleic acid (OA),,Automatically extracted reported parameters: 0.10 M; 0.04 M; 20 s; 2 min; acetonitrile; octane; DMF; layer-by-layer; spin coating; rinsed.,PDF page 7,Active area for the reported D* measurements is not specified.
shin-2024-inas-device,shin-2024-inas-extended-absorber,cqd,InAs,InBr3-passivated InAs CQDs with a 290 nm optimized absorber,Vertical photodiode,ITO / ZnO (50 nm) / InAs CQDs (290 nm) / MoOx (10 nm) / Au (80 nm),,reported,other,indium(III) bromide (InBr3),,CQD absorber,Automatically extracted reported parameters: 300°C.,PDF page 2,The stated 0.6 mm2 area belongs to response-time testing and is not assigned to the D* record.
yang-2022-hgte-device,yang-2022-hgte-ligand,cqd,HgTe,Monodisperse ligand-engineered HgTe CQDs,p-on-n vertical photodiode,ITO / Bi2S3 / HgTe CQDs (~500 nm) / Ag-doped HgTe CQDs (~20 nm) / Au,,reported,other,mercury(II) chloride (HgCl2),trioctylphosphine (TOP),,Automatically extracted reported parameters: 300 K; 77 K.,PDF page 3 | PDF page 3 | PDF page 1,Self-powered SWIR photodiode.
wang-2024-hgte-device,wang-2024-hgte-top-imager,cqd,HgTe,HgTe CQDs with a blended HgTe/Ag2Te p-type layer,Top-illuminated n-on-p vertical photodiode,ITO / blended HgTe-Ag2Te CQDs / HgTe CQDs / Bi2S3 (~25 nm) / ITO,,reported,solid_state,"1,2-ethanedithiol (EDT) | mercury(II) chloride (HgCl2)",,CQD film,Automatically extracted reported parameters: 2 S.,PDF page 3 | PDF page 3 | PDF page 3,Transparent top-electrode architecture for imager integration.
rastogi-2022-hgte-device,rastogi-2022-cdse-hgte-ag2te,cqd,HgTe,CdSe/HgTe/Ag2Te CQD stack,Vertical extended-SWIR photodiode,glass / FTO (70 nm) / CdSe / HgTe CQDs (500 ± 50 nm) / Ag2Te CQDs / Au (80 nm),,reported,solid_state,"1,2-ethanedithiol (EDT) | mercury(II) chloride (HgCl2)",trioctylphosphine (TOP),,Automatically extracted reported parameters: 10 mM; 15 s; 30 s; 2000 rpm; DMF; methanol; acetonitrile; spin- coating; spin-coated; rinsed; dipping.,PDF page 3 | PDF page 3 | PDF page 3,Figure 5 reports two pixel sizes with overlapping D* behavior; no single active area is assigned.
paul-2025-hgte-device,paul-2025-hgte-transparent-electrode,cqd,HgTe,HgTe CQDs with Ag2Te hole-transport layer,Top-illuminated vertical photodiode,FTO / SnO2 / HgTe CQDs / Ag2Te CQDs / Ag-NW-PVA composite,,reported,solid_state,"1,2-ethanedithiol (EDT) | mercury(II) chloride (HgCl2) | hydrochloric acid (HCl)",,CQD absorber | CQD film,Automatically extracted reported parameters: 80 K; Dipping; rinse.,PDF page 13 | PDF page 13 | PDF page 13,Solution-processed transparent top contact.
yu-2024-hgte-me4pacz-device,yu-2024-hgte-sam,cqd,HgTe,Se-capped HgTe absorber with an Ag:HgTe hole-transport layer and Me-4PACz interface,Top-illuminated n-on-p vertical photodiode,ITO / Me-4PACz / Ag:HgTe CQDs (~100 nm) / Se:HgTe CQDs (~400 nm) / Bi2S3 (15 nm) / ITO (150 nm),,ambiguous,solid_state,,,CQD film,Automatic text extraction identified the exchange chemistry and process; consult the cited source for recipe details.,PDF page 3,Optimized self-assembled-monolayer device.
yu-2024-hgte-bare-device,yu-2024-hgte-sam,cqd,HgTe,Se-capped HgTe absorber with an Ag:HgTe hole-transport layer,Top-illuminated n-on-p vertical photodiode,ITO / Ag:HgTe CQDs (~100 nm) / Se:HgTe CQDs (~400 nm) / Bi2S3 (15 nm) / ITO (150 nm),,ambiguous,solid_state,,,CQD film,Automatic text extraction identified the exchange chemistry and process; consult the cited source for recipe details.,PDF page 3,Bare-ITO control device without a self-assembled monolayer.
wang-2023-pbs-oxidized-device,wang-2023-pbs-oxidation,cqd,PbS,Halide-passivated PbS absorber with a controlled-oxidation PbS-EDT hole-transport layer,p-on-n vertical photodiode,ITO / ZnO (180 nm) / PbS-halide CQDs (350 nm) / oxidized PbS-EDT CQDs (40 nm) / Au,0.0414,reported,solid_state,"1,2-ethanedithiol (EDT)",trioctylphosphine (TOP),hole-transport layer | electron-transport layer,Automatically extracted reported parameters: spin-coated.,PDF page 2 | PDF page 3 | PDF page 3,Optimized device annealed in air to oxidize and passivate the PbS-EDT layer.
wang-2023-pbs-control-device,wang-2023-pbs-oxidation,cqd,PbS,Halide-passivated PbS absorber with an untreated PbS-EDT hole-transport layer,p-on-n vertical photodiode,ITO / ZnO (180 nm) / PbS-halide CQDs (350 nm) / PbS-EDT CQDs (40 nm) / Au,0.0414,reported,solid_state,"1,2-ethanedithiol (EDT)",trioctylphosphine (TOP),hole-transport layer | electron-transport layer,Automatically extracted reported parameters: spin-coated.,PDF page 2 | PDF page 3 | PDF page 3,Untreated control device.
chen-2014-hgte-plasmonic-device,chen-2014-hgte-au-nanorods,cqd,HgTe,Aqueous thioglycerol-capped HgTe CQDs with embedded Au nanorods,HgTe CQD/ZnO heterojunction photodiode,ITO / ZnO with Au nanorods and 4.5 nm ZnO overcoat (30 nm total ZnO) / HgTe CQDs (~160 nm) / MoO3 (10 nm) / Au (60 nm),,not_reported,,,,,,,Plasmonic device used for the Figure 7 detectivity comparison.
chen-2014-hgte-control-device,chen-2014-hgte-au-nanorods,cqd,HgTe,Aqueous thioglycerol-capped HgTe CQDs,HgTe CQD/ZnO heterojunction photodiode,ITO / ZnO (30 nm) / HgTe CQDs (~160 nm) / MoO3 (10 nm) / Au (60 nm),,not_reported,,,,,,,Control device without Au nanorods.
ackerman-2020-hgte-2200-device,ackerman-2020-hgte-eswir,cqd,HgTe,HgCl2-treated and EDT/HCl-cross-linked HgTe CQDs with a 2.2 µm cutoff,Vertical eSWIR photodiode,Sapphire / ITO / HgTe CQDs (~400 nm) / Ag2Te nanoparticles / Au (50 nm),0.01,reported,other,"1,2-ethanedithiol (EDT) | mercury(II) chloride (HgCl2) | hydrochloric acid (HCl)",,CQD film,Automatically extracted reported parameters: 10 mM; 300 K; methanol; isopropanol.,PDF page 3 | PDF page 4 | PDF page 4,Approximate 1 mm2 optical area converted to 0.01 cm2.
ackerman-2020-hgte-2500-device,ackerman-2020-hgte-eswir,cqd,HgTe,HgCl2-treated and EDT/HCl-cross-linked HgTe CQDs with a 2.5 µm cutoff,Vertical eSWIR photodiode,Sapphire / ITO / HgTe CQDs (~400 nm) / Ag2Te nanoparticles / Au (50 nm),0.01,reported,other,"1,2-ethanedithiol (EDT) | mercury(II) chloride (HgCl2) | hydrochloric acid (HCl)",,CQD film,Automatically extracted reported parameters: 10 mM; 300 K; methanol; isopropanol.,PDF page 3 | PDF page 4 | PDF page 4,Approximate 1 mm2 optical area converted to 0.01 cm2.
ahn-2024-ag2te-mpa-device,ahn-2024-ag2te-fast-eswir,cqd,Ag2Te,MPA-exchanged Ag2Te CQDs,Vertical p-n photodiode,ITO (70 nm) / ZnO (30 nm) / MPA-Ag2Te CQDs (236 nm) / MoO3 (10 nm) / Au (100 nm),0.1,reported,solid_state,3-mercaptopropionic acid (MPA),oleic acid (OA) | dodecanethiol (DDT),,Automatically extracted reported parameters: 5vol%; layer-by-layer.,PDF page 7 | PDF page 7,Detectivity device using 3-mercaptopropionic acid surface ligands.
peng-2024-insb-inp-device,peng-2024-insb-inp,cqd,InSb,InSb/InP core-shell CQDs with InI3 solid-state ligand exchange,Vertical SWIR photodiode,ITO / TiO2 (~40 nm) / InSb-InP CQDs / MoOx (10 nm) / Au (100 nm),0.0314,reported,solid_state,indium(III) iodide (InI3),oleic acid (OA),,Automatic text extraction identified the exchange chemistry and process; consult the cited source for recipe details.,PDF page 2 | PDF page 4 | PDF page 5,Area used in the published measured-noise detectivity calculation.
muhammad-2023-insb-device,muhammad-2023-insb-halide,cqd,InSb,Halide-passivated InSb CQDs produced using ZnBr2-assisted synthesis,Vertical SWIR photodiode,ITO / ZnO nanoparticles / InSb CQDs / MoO3 (10 nm) / Ag (140 nm),,reported,solution_phase,halide,,CQD absorber | CQD film,Automatic text extraction identified the exchange chemistry and process; consult the cited source for recipe details.,PDF page 1 | PDF page 6 | PDF page 6,Active area is not reported in the main article.
wang-2024-ag2te-main-device,wang-2024-ag2te-imager,cqd,Ag2Te,EDT-exchanged Ag2Te CQDs with an AgBiS2 nanocrystal buffer layer,Vertical broadband SWIR photodiode,ITO / SnO2 (~20 nm) / AgBiS2 NCs / Ag2Te CQDs (~100 nm) / Au (100 nm),0.031,reported,other,"1,2-ethanedithiol (EDT)",trioctylphosphine (TOP),,Automatically extracted reported parameters: 30 s; acetonitrile; spin coated.,PDF page 8 | PDF page 4 | PDF page 2,Main bottom-illuminated photodiode.
wang-2024-ag2te-1520-device,wang-2024-ag2te-imager,cqd,Ag2Te,Larger EDT-exchanged Ag2Te CQDs with a 1520 nm absorption peak and AgBiS2 buffer layer,Vertical SWIR photodiode,ITO / SnO2 (~20 nm) / AgBiS2 NCs / Ag2Te CQDs (~100 nm) / Au (100 nm),0.031,reported,other,"1,2-ethanedithiol (EDT)",trioctylphosphine (TOP),,Automatically extracted reported parameters: 30 s; acetonitrile; spin coated.,PDF page 8 | PDF page 4 | PDF page 2,Large-QD device reported separately in Supplementary Figure 13.
chen-2023-hgte-pin-device,chen-2023-hgte-universal-homojunction,cqd,HgTe,Remote-doped n-type intrinsic and p-type HgTe CQD inks,Normal p-i-n homojunction,Al2O3 / ITO (50 nm) / n-HgTe CQDs (70-80 nm) / intrinsic HgTe CQDs (360 nm) / p-HgTe CQDs (80 nm) / Au (50 nm),0.0004,reported,solution_phase,"1,2-ethanedithiol (EDT) | mercury(II) chloride (HgCl2) | hydrochloric acid (HCl)",,CQD film,Automatically extracted reported parameters: 2S; 10 s; spin-coating; rinsed.,PDF page 2 | PDF page 7 | PDF page 7,Same architecture was fabricated with four CQD sizes spanning 1.5 to 3.6 µm.
chen-2023-hgte-nip-device,chen-2023-hgte-universal-homojunction,cqd,HgTe,Remote-doped p-type intrinsic and n-type HgTe CQD inks,Inverted n-i-p homojunction,Al2O3 / Zr:ITO (50 nm) / p-HgTe CQDs (80 nm) / intrinsic HgTe CQDs (360 nm) / n-HgTe CQDs (70 nm) / Al (50 nm),0.0004,reported,solution_phase,"1,2-ethanedithiol (EDT) | mercury(II) chloride (HgCl2) | hydrochloric acid (HCl)",,CQD film,Automatically extracted reported parameters: 2S; 10 s; spin-coating; rinsed.,PDF page 2 | PDF page 7 | PDF page 7,Inverted architecture fabricated with four CQD sizes spanning 1.5 to 3.6 µm.
xue-2023-hgte-gradient-pin-device,xue-2023-hgte-gradient-homojunction,cqd,HgTe,Gradient-doped HgTe CQDs with strong and weak n-type and p-type layers,Gradient p-i-n homojunction,Al2O3 / ITO (50 nm) / strong n-HgTe (60 nm) / weak n-HgTe (40 nm) / intrinsic HgTe (300 nm) / weak p-HgTe (40 nm) / strong p-HgTe (60 nm) / Au (50 nm),0.0004,reported,mixed,"1,2-ethanedithiol (EDT) | mercury(II) chloride (HgCl2) | hydrochloric acid (HCl)",,CQD film | CQD ink,Automatically extracted reported parameters: 10 s; 1 s; 2S; DMF; phase transfer; spin-coating; rinsed.,PDF page 2 | PDF page 2 | PDF page 9,High-mobility gradient homojunction measured from 80 to 300 K.
siddik-2025-inas-device,siddik-2025-inas-cmos,cqd,InAs,InBr3-treated InAs CQDs with CuI and PTB7-Th hole-transport layers,Vertical PIN heterojunction,Si / TiN / a-IGZO / InBr3-treated InAs CQDs / CuI / PTB7-Th (~13 nm) / MoOx / ITO,,reported,solution_phase,indium(III) bromide (InBr3),oleic acid (OA),,Automatically extracted reported parameters: octane; toluene; DMF.,PDF page 2 | PDF page 2 | PDF page 6,The 0.0625 cm2 area reported for transient testing is not assigned to the spectral D* measurement.
sheikh-2024-inas-znse-device,sheikh-2024-inas-znse,cqd,InAs,EDT-exchanged InAs/ZnSe core-shell colloidal nanorod quantum dots,Vertical photodiode,ITO / ZnO / InAs-ZnSe CNQDs (~120 nm) / InAs CQD hole-transport layer / MoOx / Au,0.1,reported,solid_state,"1,2-ethanedithiol (EDT)",,hole-transport layer,Automatically extracted reported parameters: layer-by-layer.,PDF page 5 | PDF page 5 | PDF page 3,The reported 10 mm2 active area was converted to 0.1 cm2.
sun-2022-inas-device,sun-2022-inas-fast,cqd,InAs,InBr3- and ammonium-acetate-treated InAs CQDs,Vertical photodiode,glass / ITO / ZnO / InAs CQDs (~120 nm) / MoO3 (10 nm) / Au (120 nm),0.1,reported,solution_phase,indium(III) bromide (InBr3) | ammonium acetate (NH4OAc),oleic acid (OA) | trioctylphosphine (TOP),CQD film,Automatically extracted reported parameters: 10 s; 1 H; 2500 rpm; octane; acetonitrile; DMF; spin-coated.,PDF page 7 | PDF page 2,The separate 2 ns response-time measurement used a smaller-area device and is not assigned to the D* record.
device-798a7e0d2116-1,paper-798a7e0d2116,cqd,Ag2Te,Ag2Te,CQD photodiode; exact architecture requires curator confirmation,ITO/SnO2/BiCl3/Ag2Te QDs/P3HT/MoO3/Ag,0.06,source_unavailable,,,,,,,"Automatically staged from full text; confirm absorber, junction type, stack order, and area against the cited source locations."
lee-2026-hgcdse-qd2-device,lee-2026-hgcdse-neutralized,cqd,HgCdSe,Hg0.95Cd0.05Se QD(2) with optimized 80 °C DDT surface treatment,Vertical CQD photodiode,glass / ITO / SnO2 / HgCdSe QD(2) / Spiro-MeOTAD / MoO3 (4 nm) / Ag (100 nm),0.05,reported,solid_state,1-dodecanethiol (DDT),dodecanethiol (DDT),,Automatically extracted reported parameters: 1S; 80 °C.,PDF page 1 | PDF page 3 | PDF page 3,Surface-neutralized QD(2) active layer with intrinsic electronic character and suppressed leakage current.
lee-2026-hgcdse-qd1-device,lee-2026-hgcdse-neutralized,cqd,HgCdSe,Hg0.95Cd0.05Se QD(1) with room-temperature DDT surface treatment,Vertical CQD photodiode,glass / ITO / SnO2 / HgCdSe QD(1) / Spiro-MeOTAD / MoO3 (4 nm) / Ag (100 nm),0.05,reported,solid_state,1-dodecanethiol (DDT),dodecanethiol (DDT),,Automatically extracted reported parameters: 1S; 80 °C.,PDF page 1 | PDF page 3 | PDF page 3,Comparison QD(1) active layer retaining partial n-type doping and higher noise.
park-2026-inas-oldp-device,park-2026-internal-field,cqd,InAs,Optimized internal-field-tailored InAs CQDs with n-type and low- and high-doping-potential layers,Vertical CQD photodiode,ITO / ZnO / n-InAs / LDP / HDP / MoOx / Ag,0.002,source_unavailable,,,,,,,Optimized o-LDP InAs device; the response-time measurement reports 24 ns rise and 210 ns fall times.
park-2026-inas-ldp-device,park-2026-internal-field,cqd,InAs,InAs CQDs with an LDP hole-transport layer,Vertical CQD photodiode,ITO / ZnO / n-InAs / LDP / MoOx / Ag,0.002,source_unavailable,,,,,,,LDP comparison device used for the directly reported 1500 nm detectivity.
park-2026-pbs-ldp-device,park-2026-internal-field,cqd,PbS,PbS CQDs with an LDP hole-transport layer,Vertical CQD photodiode,PbS-I / light PbS-EDT / MoOx / Au,,source_unavailable,other,"1,2-ethanedithiol (EDT)",,hole-transport layer,"Existing curated device metadata indicates a ligand or surface treatment, but the source set was unavailable for method verification: PbS CQDs with an LDP hole-transport layer",,LDP PbS comparison device; only the partial stack reported with the detectivity comparison is retained.
park-2026-pbs-hdp-device,park-2026-internal-field,cqd,PbS,PbS CQDs with an HDP hole-transport layer,Vertical CQD photodiode,PbS-I / light PbS-EDT / MoOx / Au,,source_unavailable,other,"1,2-ethanedithiol (EDT)",,hole-transport layer,"Existing curated device metadata indicates a ligand or surface treatment, but the source set was unavailable for method verification: PbS CQDs with an HDP hole-transport layer",,HDP PbS comparison device; only the partial stack reported with the detectivity comparison is retained.
huang-2026-cdte-hgte-edt-device,huang-2026-cdte-hgte-htl,cqd,HgTe,Se:HgTe CQD absorber with an EDT-treated CdTe/HgTe core-shell CQD hole-transport layer,p-on-n CQD photodiode,quartz / ITO / Bi2S3 (5 nm) / Se:HgTe CQDs (~450 nm) / EDT-treated CdTe-HgTe CQDs (~100 nm) / Au,0.0782,reported,solid_state,"1,2-ethanedithiol (EDT) | mercury(II) chloride (HgCl2) | hydrochloric acid (HCl)",,CQD film,Automatically extracted reported parameters: 50 mg/mL; 0.01 M; v/v = 1:2500; 30 s; 20 s; 60 s; 2500 rpm; methanol; DMF; spin-coating; washing; spin coating.,PDF page 3 | PDF page 3 | PDF page 3,The detectivity calculation uses 0.0782 cm2; the fabrication section separately reports 0.0786 cm2.
huang-2026-cdte-hgte-untreated-device,huang-2026-cdte-hgte-htl,cqd,HgTe,Se:HgTe CQD absorber with an untreated CdTe/HgTe core-shell CQD hole-transport layer,p-on-n CQD photodiode,quartz / ITO / Bi2S3 (5 nm) / Se:HgTe CQDs (~450 nm) / untreated CdTe-HgTe CQDs (~100 nm) / Au,0.0782,reported,solid_state,"1,2-ethanedithiol (EDT) | mercury(II) chloride (HgCl2) | hydrochloric acid (HCl)",,CQD film,Automatically extracted reported parameters: 50 mg/mL; 0.01 M; v/v = 1:2500; 30 s; 20 s; 60 s; 2500 rpm; methanol; DMF; spin-coating; washing; spin coating.,PDF page 3 | PDF page 3 | PDF page 3,The detectivity calculation uses 0.0782 cm2; the fabrication section separately reports 0.0786 cm2.
xia-2025-pbse-1640-device,xia-2025-pbse-mle,cqd,PbSe,MLE-PbSe CQDs with an approximately 1640 nm excitonic peak,Vertical CQD photodiode,ITO / NiOx / PbS-EDT / PbSe CQDs / C60 / SnO2 / ITO,,reported,ink_phase,halide,,CQD film | CQD ink,Automatically extracted reported parameters: DMF.,PDF page 2 | PDF page 2 | PDF page 2,Conventional-SWIR MLE-PbSe absorber device.
xia-2025-pbse-2360-device,xia-2025-pbse-mle,cqd,PbSe,MLE-PbSe CQDs with an approximately 2360 nm excitonic peak,Vertical CQD photodiode,ITO / NiOx / PbS-EDT / PbSe CQDs / C60 / SnO2 / ITO,,reported,ink_phase,halide,,CQD film | CQD ink,Automatically extracted reported parameters: DMF.,PDF page 2 | PDF page 2 | PDF page 2,Extended-SWIR MLE-PbSe absorber device with a spectral cutoff near 2500 nm.
hu-2025-hgte-dh-device,hu-2025-hgte-double-heterojunction,cqd,HgTe,Hybrid-ligand-capped HgTe CQDs between ZnO and ZnTe charge-transport layers,Double-heterojunction p-i-n CQD photodiode,glass / bottom ITO / ZnO (200 nm) / HgTe CQDs (~420 nm) / ZnTe (30 nm) / top ITO (100 nm),0.0414,reported,ink_phase,mercury(II) chloride (HgCl2),oleylamine (OLA),CQD film | CQD ink,Automatically extracted reported parameters: DMF; butylamine; spin-coating.,PDF page 3 | PDF page 3 | PDF page 2,Top-illuminated single-pixel photodiode architecture used for the spectral detectivity measurement and subsequent CMOS imager integration.
tran-2026-cd3p2-homojunction-device,tran-2026-cd3p2-polarity,cqd,Cd3P2,Cd3P2 CQD absorber with a p-type chloride-treated Cd3P2 CQD charge-selective layer,Cd3P2 CQD homojunction photodiode,ITO / ZnO / Cd3P2 CQD absorber (~100 nm) / p-Cd3P2-Cl (~30 nm) / MoOx (10 nm) / Ag (120 nm),,reported,solid_state,halide,,,Automatically extracted reported parameters: 10 s; spin coating; spin-coated.,PDF page 4 | PDF page 7 | PDF page 8,The 0.002 cm2 area reported for transient testing is not assigned to the detectivity record.
imran-2025-insb-device,imran-2025-insb-metal-halide,cqd,InSb,Resurfaced and ligand-exchanged InSb CQDs,n-i-p CQD photodiode,glass / ITO / ZnO / InSb CQDs (~280 nm) / MoOx (14 nm) / Ag (140 nm),0.049,reported,solid_state,tetrabutylammonium iodide (TBAI) | ammonium iodide (NH4I),dodecanethiol (DDT),CQD film,Automatic text extraction identified the exchange chemistry and process; consult the cited source for recipe details.,PDF page 5,The CQD layers use sequential malonic-acid TBAI and NH4I solid-state ligand exchange.
kim-2026-inas-shape-device,kim-2026-inas-shape-engineering,cqd,InAs,Halide-passivated shape-engineered InAs CQD ink,Vertical CQD photodiode,ITO / SnO2 nanocrystals / InAs CQD ink / MTA-InAs CQDs / MoO3 / Au,0.0314,reported,other,indium(III) bromide (InBr3),,,Automatic text extraction identified the exchange chemistry and process; consult the cited source for recipe details.,PDF page 6 | PDF page 6 | PDF page 2,The principal InAs CQD absorber is approximately 120 nm thick; the MTA-InAs layer is an electron-blocking interlayer.
pi-2026-agbis2-mxene-device,pi-2026-agbis2-mxene,cqd,AgBiS2,TMAI-exchanged AgBiS2 CQDs with a ZnO/MXene electron-transport bilayer,Vertical CQD photodiode,ITO / ZnO / MXene / AgBiS2 CQDs (~500 nm) / PTAA / MoO3 / Ag,,reported,solid_state,tetramethylammonium iodide (TMAI),,,Automatically extracted reported parameters: 30 s; toluene; methanol; layer-by-layer.,PDF page 3 | PDF page 3 | PDF page 2,Optimized device fabricated using a 0.05 mg/mL MXene dispersion; the single-pixel active area is not reported.
qin-2023-hgte-fpa-device,qin-2023-hgte-planar-pn,cqd,HgTe,CdCl2-treated HgTe CQD film with in situ electric-field-activated lateral doping,Planar p-n CQD photodiode focal-plane array,Si CMOS ROIC / interdigitated planar electrodes / spin-coated HgTe CQD film,,source_unavailable,solid_state,cadmium chloride (CdCl2),,CQD film,"Existing curated device metadata indicates a ligand or surface treatment, but the source set was unavailable for method verification: CdCl2-treated HgTe CQD film with in situ electric-field-activated lateral doping",,A 640 x 512 array with 15 um pixel pitch; system-level noise includes detector pixels ROIC and connecting wires.
deng-2026-pbs-1500-device,deng-2026-pbs-bifunctional,cqd,PbS,n-PbS CQD absorber with EDT-treated p-PbS CQD layer,Vertical CQD photodiode,glass / ITO / ZnO / n-PbS CQDs (50 nm) / EDT-treated p-PbS CQDs (50 nm) / Au (100 nm),0.0176715,reported,solid_state,"1,2-ethanedithiol (EDT)",,,Automatically extracted reported parameters: 0.02vol%; 30 s; 2500 rpm; methanol; spin-coated; spin-coating.,PDF page 8 | PDF page 8 | PDF page 8,Circular device defined by a 1500 um-diameter top contact.
deng-2026-pbs-50-device,deng-2026-pbs-bifunctional,cqd,PbS,n-PbS CQD absorber with EDT-treated p-PbS CQD layer,Vertical CQD photodiode,glass / ITO / ZnO / n-PbS CQDs (50 nm) / EDT-treated p-PbS CQDs (50 nm) / Au (100 nm),0.000019635,reported,solid_state,"1,2-ethanedithiol (EDT)",,,Automatically extracted reported parameters: 0.02vol%; 30 s; 2500 rpm; methanol; spin-coated; spin-coating.,PDF page 8 | PDF page 8 | PDF page 8,Circular device defined by a 50 um-diameter top contact.
leemans-2022-inasp-1140-device,leemans-2022-inasp-swir,cqd,"In(As,P)","1140 nm band-edge n-type In(As,P) CQDs",Vertical CQD photodiode,"ITO / NiO / n-In(As,P) CQDs (~120 nm) / Nb:TiO2 nanoparticles / Al",0.13,reported,solution_phase,chloride,trioctylphosphine (TOP),,Automatically extracted reported parameters: butylamine; spincoated; spincoating; phase transfer.,PDF page 3 | PDF page 6 | PDF page 7,Device from the 1140 nm band-edge CQD series.
leemans-2022-inasp-1270-device,leemans-2022-inasp-swir,cqd,"In(As,P)","1270 nm band-edge n-type In(As,P) CQDs",Vertical CQD photodiode,"ITO / NiO / n-In(As,P) CQDs (~120 nm) / Nb:TiO2 nanoparticles / Al",0.13,reported,solution_phase,chloride,trioctylphosphine (TOP),,Automatically extracted reported parameters: butylamine; spincoated; spincoating; phase transfer.,PDF page 3 | PDF page 6 | PDF page 7,Device from the 1270 nm band-edge CQD series.
leemans-2022-inasp-1400-device,leemans-2022-inasp-swir,cqd,"In(As,P)","1400 nm band-edge n-type In(As,P) CQDs",Vertical CQD photodiode,"ITO / NiO / n-In(As,P) CQDs (~120 nm) / Nb:TiO2 nanoparticles / Al",0.13,reported,solution_phase,chloride,trioctylphosphine (TOP),,Automatically extracted reported parameters: butylamine; spincoated; spincoating; phase transfer.,PDF page 3 | PDF page 6 | PDF page 7,Device from the 1400 nm band-edge CQD series.
huang-2026-pbs-hsc60-device,huang-2026-pbs-hot-spin,cqd,PbS,PbS CQDs with a halide/amine-exchanged intrinsic absorber and PbS@EDT hole-transport layer,p-i-n CQD photodiode,glass / FTO / ZnO / intrinsic halide-exchanged PbS CQDs (~200 nm) / PbS@EDT / Au,,source_unavailable,other,"1,2-ethanedithiol (EDT)",,CQD absorber | hole-transport layer,"Existing curated device metadata indicates a ligand or surface treatment, but the source set was unavailable for method verification: PbS CQDs with a halide/amine-exchanged intrinsic absorber and PbS@EDT hole-transport layer",,Champion H-SC@60 °C device with approximately 0.947 nm absorber-film RMS roughness. The 60 °C value is the spin-coating temperature rather than the detector operating temperature.
device-05e0a265ba8c-1,paper-05e0a265ba8c,cqd,PbS CQD,PbS-PbI2 CQD absorber with PbS-MPA hole-transport layer,p-i-n PbS CQD infrared photodiode with CST-ZnO and photomultiplication,ITO/CST-ZnO/PbS-PbI2 CQD/PbS-MPA/Au (100 nm),0.05,reported,solid_state,3-mercaptopropionic acid (MPA) | lead(II) iodide (PbI2),,,Automatically extracted reported parameters: 3 s; 10 min; 80 °C; 2000 rpm.,PDF page 3 | PDF page 6,CST-ZnO champion device; 5 mm² area. Both rows measure this device at different wavelengths.
device-ffcc0c4eac37-1,paper-ffcc0c4eac37,perovskite,CsPbI2Br,CsPbI2Br,vacuum-deposited p-i-n photodiode with 40 nm TiO2 ETL,glass/ITO/NiOx (15 nm)/CsPbI2Br (~300 nm)/TiO2 (40 nm)/Al (100 nm),0.125,not_applicable,,,,,,,Sample 40TiO2; D* after biasing at -2 V for 300 s under 620 nm illumination.
device-ffcc0c4eac37-2,paper-ffcc0c4eac37,perovskite,CsPbI2Br,CsPbI2Br,vacuum-deposited p-i-n photodiode with 20 nm C60/20 nm TiO2 ETL,glass/ITO/NiOx (15 nm)/CsPbI2Br (~300 nm)/C60 (20 nm)/TiO2 (20 nm)/Al (100 nm),0.125,not_applicable,,,,,,,Sample 20C60-20TiO2; D* after biasing at -2 V for 300 s under 620 nm illumination.
device-c533f3ba2a4a-1,paper-c533f3ba2a4a,perovskite,(BA)2MA4Pb5I16,(BA)2MA4Pb5I16 (BA n=5),p-i-n quasi-2D photodiode with perpendicular-oriented graded absorber,glass/ITO (135 nm)/SiN perimeter/PTAA:polyTPD/BA quasi-2D perovskite/C60 (20 nm)/BCP (8 nm)/Ag (100 nm),0.01,not_applicable,,,,,,,BA n=5; measured-noise D* at -0.2 V over a 1–100 Hz noise interval.
device-c533f3ba2a4a-2,paper-c533f3ba2a4a,perovskite,(BA)2MA3Pb4I13,(BA)2MA3Pb4I13 (BA n=4),p-i-n quasi-2D photodiode with perpendicular-oriented graded absorber,glass/ITO (135 nm)/SiN perimeter/PTAA:polyTPD/BA quasi-2D perovskite/C60 (20 nm)/BCP (8 nm)/Ag (100 nm),0.01,not_applicable,,,,,,,BA n=4; measured-noise D* at -0.2 V over a 1–100 Hz noise interval.
dou-2014-pd3-device,dou-2014-perovskite-high-detectivity,perovskite,CH3NH3PbI3-xClx,CH3NH3PbI3-xClx,inverted p-i-n perovskite photodiode,glass / ITO / PEDOT:PSS (~30 nm) / CH3NH3PbI3-xClx (~300 nm) / PCBM / PFN (~5 nm) / Al (100 nm),,not_applicable,,,,,,,PD3 with PFN hole-blocking layer; active area for the reported zero-bias D* is not unambiguously matched between the 0.10 and 0.010 cm2 masks.
sutherland-2015-i3-device,sutherland-2015-perovskite-interface,perovskite,CH3NH3PbI3,CH3NH3PbI3,n-i-p perovskite photodiode with Al2O3/PCBM interface stack,glass / FTO (200 nm) / TiO2 (50 nm) / Al2O3 (1 nm) / PCBM (10 nm) / MAPbI3 (250 nm) / spiro-OMeTAD (200 nm) / Au (100 nm) / Ag (100 nm),0.07,not_applicable,,,,,,,I3 champion device with the lowest measured noise and maximum reported D*.
device-00f55628795b-1,paper-00f55628795b,perovskite,Cs0.2FA0.8PbI2.93Cl0.07,Cs0.2FA0.8PbI2.93Cl0.07,inverted p-i-n photodiode (Control),glass (1.1 mm)/ITO (330 nm)/NiO (30 nm)/Cs0.2FA0.8PbI2.93Cl0.07 (450 nm)/PCBM (30 nm)/BCP (10 nm)/Cu (100 nm),,not_applicable,,,,,,,Control p-i-n device without P(VDF-TrFE).
device-00f55628795b-2,paper-00f55628795b,perovskite,Cs0.2FA0.8PbI2.93Cl0.07,Cs0.2FA0.8PbI2.93Cl0.07,inverted p-i-n photodiode (Bulk),glass (1.1 mm)/ITO (330 nm)/NiO (30 nm)/Cs0.2FA0.8PbI2.93Cl0.07 (450 nm)/PCBM (30 nm)/BCP (10 nm)/Cu (100 nm),,not_applicable,,,,,,,P(VDF-TrFE) incorporated in the perovskite absorber bulk.
device-00f55628795b-3,paper-00f55628795b,perovskite,Cs0.2FA0.8PbI2.93Cl0.07,Cs0.2FA0.8PbI2.93Cl0.07,inverted p-i-n photodiode (Bulk/n-side),glass (1.1 mm)/ITO (330 nm)/NiO (30 nm)/Cs0.2FA0.8PbI2.93Cl0.07 (450 nm)/PCBM (30 nm)/BCP (10 nm)/Cu (100 nm),,not_applicable,,,,,,,P(VDF-TrFE) incorporated in the absorber bulk and at the absorber/electron-transport interface.
device-b0fdb518c75e-1,paper-b0fdb518c75e,perovskite,FA0.66MA0.34Pb0.5Sn0.5I3,FA0.66MA0.34Pb0.5Sn0.5I3,inverted p-i-n near-infrared photodiode,glass/ITO/PTAA:poly-TPD/FA0.66MA0.34Pb0.5Sn0.5I3/C60/BCP/Ag,0.01,not_applicable,,,,,,,Champion low-dark-current device; active area reported as 1 mm².
kim-2022-trication-fiber-htm-device,kim-2022-trication-nanofibers,perovskite,Cs0.06FA0.79MA0.15Pb(I0.85Br0.15)3,Cs0.06FA0.79MA0.15Pb(I0.85Br0.15)3,vertical photomultiplication photoconductor (curator-approved scope exception),glass/FTO/PCBM/electrospun Cs0.06FA0.79MA0.15Pb(I0.85Br0.15)3 nanofibers infiltrated with Spiro-OMeTAD:LiTFSI/Au,0.002,not_applicable,,,,,,,"Fiber/HTM configuration. The paper reports Ohmic contacts, trap-mediated photomultiplication, and greater-than-unity EQE; included by explicit curator directive as a cautionary detector-community example despite the atlas photoconductor exclusion."
li-2020-perovskite-organic-bhj-device,li-2020-perovskite-organic-bhj,perovskite,MAPbI3,MAPbI3 with PTB7-Th:F8IC,vertical broadband photodiode,ITO/PTAA/MAPbI3/PTB7-Th:F8IC/C60/BCP/Cu,0.044,not_applicable,,,,,,,Standard 4.4 mm2 device used for the curated detectivity and matching 145 ns transient-response result.
yang-2019-cs2agbibr6-device,yang-2019-cs2agbibr6,perovskite,Cs2AgBiBr6,Cs2AgBiBr6,vertical photodiode,glass/ITO/SnO2/Cs2AgBiBr6/TFB/MoO3/Ag,0.0725,not_applicable,,,,,,,"Optimized 10% DMF device. Figure 2a labels the top electrode Ag, while the experimental prose describes an 80 nm gold layer; the schematic stack is retained and the source conflict is preserved here."
chang-2025-pbse-ag1-device,chang-2025-pbse-wide-depletion,cqd,PbSe,PbSe-halide / 1% Ag-doped PbS-EDT,vertical p-n eSWIR photodiode,glass / ITO / ZnO / PbSe-halide / 1% Ag-doped PbS-EDT / MoOx / Ag,,reported,other,"1,2-ethanedithiol (EDT)",trioctylphosphine (TOP),,Automatic text extraction identified the exchange chemistry and process; consult the cited source for recipe details.,PDF page 4 | PDF page 4 | PDF page 3,Optimized device with a large-size PbSe CQD active layer (2.47 µm first excitonic absorption peak) and 1% Ag-doped PbS-EDT p-type functional layer; active area was not reported in the supplied main article.
